;h1;h2;p1;p2;DeltaP;mdot_s;QN_s;h3;h4;p3;p4;P_vessel;P_vessel_dim;mdot_p;QN_p;mu
0;249+/-5;251+/-5;(1.95+/-0.04)e+03;(1.93+/-0.04)e+03;(2+/-5)e+01;0.00010+/-0.00020;5+/-10;810.0+/-2.0;218.0+/-2.0;(1.0799+/-0.0027)e+05;(2.906+/-0.027)e+04;(7.89+/-0.04)e+04;0.205+/-0.004;0.00887+/-0.00011;442+/-5;0.012+/-0.023
1;247+/-5;254+/-5;(1.97+/-0.04)e+03;(1.92+/-0.04)e+03;(5+/-5)e+01;0.00020+/-0.00011;10+/-6;811.0+/-2.0;211.0+/-2.0;(1.0812+/-0.0027)e+05;(2.813+/-0.027)e+04;(8.00+/-0.04)e+04;0.195+/-0.004;0.00874+/-0.00011;435+/-5;0.023+/-0.013
2;213+/-5;279+/-5;(2.17+/-0.04)e+03;(1.65+/-0.04)e+03;(5.1+/-0.5)e+02;0.00066+/-0.00004;33.1+/-1.9;799.0+/-2.0;221.0+/-2.0;(1.0652+/-0.0027)e+05;(2.946+/-0.027)e+04;(7.71+/-0.04)e+04;0.224+/-0.004;0.00887+/-0.00011;442+/-5;0.075+/-0.004
3;227+/-5;254+/-5;(1.97+/-0.04)e+03;(1.76+/-0.04)e+03;(2.1+/-0.5)e+02;0.00042+/-0.00006;20.8+/-2.9;805.0+/-2.0;218.0+/-2.0;(1.0732+/-0.0027)e+05;(2.906+/-0.027)e+04;(7.83+/-0.04)e+04;0.212+/-0.004;0.00882+/-0.00011;439+/-5;0.047+/-0.007
4;220+/-5;261+/-5;(2.03+/-0.04)e+03;(1.71+/-0.04)e+03;(3.2+/-0.5)e+02;0.00052+/-0.00005;25.8+/-2.4;801.0+/-2.0;221.0+/-2.0;(1.0679+/-0.0027)e+05;(2.946+/-0.027)e+04;(7.73+/-0.04)e+04;0.221+/-0.004;0.00893+/-0.00011;445+/-5;0.058+/-0.005
5;205+/-5;290+/-5;(2.25+/-0.04)e+03;(1.59+/-0.04)e+03;(6.6+/-0.5)e+02;0.00076+/-0.00004;37.7+/-1.8;793.0+/-2.0;228.0+/-2.0;(1.0572+/-0.0027)e+05;(3.040+/-0.027)e+04;(7.53+/-0.04)e+04;0.242+/-0.004;0.00882+/-0.00011;439+/-5;0.086+/-0.004
6;153+/-5;342+/-5;(2.66+/-0.04)e+03;(1.19+/-0.04)e+03;(1.47+/-0.05)e+03;0.001138+/-0.000031;56.7+/-1.5;787.0+/-2.0;236.0+/-2.0;(1.0492+/-0.0027)e+05;(3.146+/-0.027)e+04;(7.35+/-0.04)e+04;0.260+/-0.004;0.00909+/-0.00011;453+/-5;0.125+/-0.004
7;150+/-5;345+/-5;(2.68+/-0.04)e+03;(1.16+/-0.04)e+03;(1.51+/-0.05)e+03;0.001157+/-0.000031;57.6+/-1.5;779.0+/-2.0;243.0+/-2.0;(1.0386+/-0.0027)e+05;(3.240+/-0.027)e+04;(7.15+/-0.04)e+04;0.281+/-0.004;0.00873+/-0.00011;435+/-5;0.132+/-0.004
8;90+/-5;403+/-5;(3.13+/-0.04)e+03;(7.0+/-0.4)e+02;(2.43+/-0.05)e+03;0.001467+/-0.000033;73.0+/-1.7;775.0+/-2.0;248.0+/-2.0;(1.0332+/-0.0027)e+05;(3.306+/-0.027)e+04;(7.03+/-0.04)e+04;0.293+/-0.004;0.00880+/-0.00011;438+/-5;0.167+/-0.004
